{
  "texture_size": 16,
  "atlas_size": 48,
  "textures_per_row": 3,
  "textures": {
    "dirt": {
      "index": 0,
      "position": [
        0,
        0
      ],
      "uv": {
        "min": [
          0.0,
          0.6666666666666666
        ],
        "max": [
          0.3333333333333333,
          1.0
        ]
      }
    },
    "grass_block_snow": {
      "index": 1,
      "position": [
        16,
        0
      ],
      "uv": {
        "min": [
          0.3333333333333333,
          0.6666666666666666
        ],
        "max": [
          0.6666666666666666,
          1.0
        ]
      }
    },
    "grass_carried": {
      "index": 2,
      "position": [
        32,
        0
      ],
      "uv": {
        "min": [
          0.6666666666666666,
          0.6666666666666666
        ],
        "max": [
          1.0,
          1.0
        ]
      }
    },
    "grass_path_side": {
      "index": 3,
      "position": [
        0,
        16
      ],
      "uv": {
        "min": [
          0.0,
          0.3333333333333333
        ],
        "max": [
          0.3333333333333333,
          0.6666666666666666
        ]
      }
    },
    "grass_path_top": {
      "index": 4,
      "position": [
        16,
        16
      ],
      "uv": {
        "min": [
          0.3333333333333333,
          0.3333333333333333
        ],
        "max": [
          0.6666666666666666,
          0.6666666666666666
        ]
      }
    },
    "grass_side_carried": {
      "index": 5,
      "position": [
        32,
        16
      ],
      "uv": {
        "min": [
          0.6666666666666666,
          0.3333333333333333
        ],
        "max": [
          1.0,
          0.6666666666666666
        ]
      }
    },
    "grass_side_snowed": {
      "index": 6,
      "position": [
        0,
        32
      ],
      "uv": {
        "min": [
          0.0,
          0.0
        ],
        "max": [
          0.3333333333333333,
          0.3333333333333333
        ]
      }
    },
    "grass_top": {
      "index": 7,
      "position": [
        16,
        32
      ],
      "uv": {
        "min": [
          0.3333333333333333,
          0.0
        ],
        "max": [
          0.6666666666666666,
          0.3333333333333333
        ]
      }
    }
  }
}